id;name;date;video;video_content_type
1;Home European;2022-04-25T03:49:30;../fake-data/blob/hipster.png;image/png
2;cutting-edge;2022-04-25T12:33:28;../fake-data/blob/hipster.png;image/png
3;Heard Account;2022-04-25T22:39:15;../fake-data/blob/hipster.png;image/png
4;Tennessee Sausages Movies;2022-04-25T14:27:11;../fake-data/blob/hipster.png;image/png
5;invoice;2022-04-25T16:01:51;../fake-data/blob/hipster.png;image/png
6;feed;2022-04-25T15:33:07;../fake-data/blob/hipster.png;image/png
7;payment Gorgeous Steel;2022-04-25T09:34:06;../fake-data/blob/hipster.png;image/png
8;Sleek;2022-04-25T06:00:52;../fake-data/blob/hipster.png;image/png
9;Metal;2022-04-25T17:50:54;../fake-data/blob/hipster.png;image/png
10;violet red sexy;2022-04-25T23:18:47;../fake-data/blob/hipster.png;image/png
